DBN,School Name,Year,Total Enrollment,Grade 3K,Grade PK (Half Day & Full Day),Grade K,Grade 1,Grade 2,Grade 3,Grade 4,Grade 5,Grade 6,Grade 7,Grade 8,Grade 9,Grade 10,Grade 11,Grade 12,# Female,% Female,# Male,% Male,# Asian,% Asian,# Black,% Black,# Hispanic,% Hispanic,# Multi-Racial,% Multi-Racial,# Native American,% Native American,# White,% White,# Missing Race/Ethnicity Data,% Missing Race/Ethnicity Data,# Students with Disabilities,% Students with Disabilities,# English Language Learners,% English Language Learners,# Poverty,% Poverty,Economic Need Index
05M030,P.S. 030 Hernandez/Hughes,2017-18,252,0,16,48,38,38,38,36,38,0,0,0,0,0,0,0,125,49.6%,127,50.4%,3,1.2%,100,39.7%,139,55.2%,1,0.4%,3,1.2%,6,2.4%,0,0.0%,75,29.8%,30,11.9%,239,94.8%,Above 95%
05M030,P.S. 030 Hernandez/Hughes,2018-19,253,15,15,45,39,32,39,36,32,0,0,0,0,0,0,0,124,49.0%,129,51.0%,3,1.2%,103,40.7%,136,53.8%,1,0.4%,2,0.8%,8,3.2%,0,0.0%,60,23.7%,22,8.7%,235,92.9%,93.8%
05M030,P.S. 030 Hernandez/Hughes,2019-20,236,17,17,29,31,37,34,33,38,0,0,0,0,0,0,0,124,52.5%,112,47.5%,5,2.1%,103,43.6%,120,50.8%,1,0.4%,2,0.8%,5,2.1%,0,0.0%,63,26.7%,16,6.8%,Above 95%,Above 95%,93.2%
05M030,P.S. 030 Hernandez/Hughes,2020-21,205,13,22,15,28,25,32,35,35,0,0,0,0,0,0,0,100,48.8%,105,51.2%,6,2.9%,86,42.0%,106,51.7%,1,0.5%,2,1.0%,4,2.0%,0,0.0%,57,27.8%,15,7.3%,192,93.7%,92.6%
05M030,P.S. 030 Hernandez/Hughes,2021-22,171,9,21,16,22,29,19,27,28,0,0,0,0,0,0,0,85,49.7%,86,50.3%,3,1.8%,70,40.9%,91,53.2%,2,1.2%,0,0.0%,5,2.9%,0,0.0%,52,30.4%,18,10.5%,161,94.2%,91.2%
05M036,P.S. 036 Margaret Douglas,2017-18,391,0,41,64,47,65,64,53,57,0,0,0,0,0,0,0,198,50.6%,193,49.4%,3,0.8%,163,41.7%,213,54.5%,2,0.5%,1,0.3%,8,2.0%,1,0.3%,131,33.5%,38,9.7%,350,89.5%,89.4%
05M036,P.S. 036 Margaret Douglas,2018-19,355,29,40,48,47,37,54,52,48,0,0,0,0,0,0,0,178,50.1%,177,49.9%,6,1.7%,138,38.9%,202,56.9%,2,0.6%,0,0.0%,7,2.0%,0,0.0%,120,33.8%,30,8.5%,320,90.1%,88.9%
05M036,P.S. 036 Margaret Douglas,2019-20,374,45,47,43,43,51,39,51,55,0,0,0,0,0,0,0,189,50.5%,185,49.5%,6,1.6%,136,36.4%,215,57.5%,5,1.3%,0,0.0%,12,3.2%,0,0.0%,115,30.7%,35,9.4%,337,90.1%,89.7%
05M036,P.S. 036 Margaret Douglas,2020-21,312,12,30,47,39,48,55,34,47,0,0,0,0,0,0,0,148,47.4%,164,52.6%,6,1.9%,112,35.9%,181,58.0%,5,1.6%,1,0.3%,7,2.2%,0,0.0%,98,31.4%,35,11.2%,278,89.1%,89.2%
05M036,P.S. 036 Margaret Douglas,2021-22,290,29,25,39,39,40,42,44,32,0,0,0,0,0,0,0,146,50.3%,144,49.7%,7,2.4%,95,32.8%,170,58.6%,3,1.0%,1,0.3%,14,4.8%,0,0.0%,81,27.9%,32,11.0%,253,87.2%,87.2%
05M046,P.S. 046 Arthur Tappan,2017-18,661,0,35,63,69,67,72,86,80,63,61,65,0,0,0,0,338,51.1%,323,48.9%,4,0.6%,322,48.7%,322,48.7%,5,0.8%,3,0.5%,5,0.8%,0,0.0%,220,33.3%,70,10.6%,Above 95%,Above 95%,Above 95%
05M046,P.S. 046 Arthur Tappan,2018-19,630,15,36,49,57,63,63,64,83,78,55,67,0,0,0,0,317,50.3%,313,49.7%,6,1.0%,305,48.4%,306,48.6%,5,0.8%,2,0.3%,6,1.0%,0,0.0%,206,32.7%,59,9.4%,592,94.0%,Above 95%
05M046,P.S. 046 Arthur Tappan,2019-20,557,15,29,52,53,52,48,53,65,59,74,57,0,0,0,0,278,49.9%,279,50.1%,5,0.9%,269,48.3%,271,48.7%,4,0.7%,1,0.2%,7,1.3%,0,0.0%,185,33.2%,36,6.5%,526,94.4%,Above 95%
05M046,P.S. 046 Arthur Tappan,2020-21,490,14,22,32,52,46,46,43,49,59,57,70,0,0,0,0,238,48.6%,252,51.4%,5,1.0%,237,48.4%,241,49.2%,2,0.4%,1,0.2%,4,0.8%,0,0.0%,166,33.9%,33,6.7%,Above 95%,Above 95%,Above 95%
05M046,P.S. 046 Arthur Tappan,2021-22,479,15,36,47,37,57,37,45,49,41,59,56,0,0,0,0,231,48.2%,248,51.8%,4,0.8%,239,49.9%,216,45.1%,2,0.4%,5,1.0%,13,2.7%,0,0.0%,152,31.7%,36,7.5%,455,95.0%,Above 95%
05M092,P.S. 092 Mary McLeod Bethune,2017-18,265,0,18,26,43,42,44,55,37,0,0,0,0,0,0,0,122,46.0%,143,54.0%,2,0.8%,161,60.8%,96,36.2%,1,0.4%,2,0.8%,3,1.1%,0,0.0%,91,34.3%,21,7.9%,Above 95%,Above 95%,Above 95%
05M092,P.S. 092 Mary McLeod Bethune,2018-19,259,0,18,27,30,47,42,45,50,0,0,0,0,0,0,0,118,45.6%,141,54.4%,2,0.8%,162,62.5%,88,34.0%,0,0.0%,3,1.2%,4,1.5%,0,0.0%,100,38.6%,18,6.9%,Above 95%,Above 95%,Above 95%
05M092,P.S. 092 Mary McLeod Bethune,2019-20,243,0,17,34,28,26,43,46,49,0,0,0,0,0,0,0,115,47.3%,128,52.7%,1,0.4%,135,55.6%,101,41.6%,0,0.0%,2,0.8%,4,1.6%,0,0.0%,88,36.2%,15,6.2%,Above 95%,Above 95%,Above 95%
05M092,P.S. 092 Mary McLeod Bethune,2020-21,214,0,10,23,37,28,27,44,45,0,0,0,0,0,0,0,104,48.6%,110,51.4%,1,0.5%,108,50.5%,100,46.7%,0,0.0%,1,0.5%,4,1.9%,0,0.0%,70,32.7%,23,10.7%,Above 95%,Above 95%,Above 95%
05M092,P.S. 092 Mary McLeod Bethune,2021-22,210,0,15,27,28,40,31,27,42,0,0,0,0,0,0,0,102,48.6%,108,51.4%,1,0.5%,104,49.5%,95,45.2%,0,0.0%,1,0.5%,9,4.3%,0,0.0%,58,27.6%,31,14.8%,Above 95%,Above 95%,Above 95%
05M123,P.S. 123 Mahalia Jackson,2017-18,479,0,36,32,38,44,58,47,48,65,58,53,0,0,0,0,225,47.0%,254,53.0%,7,1.5%,246,51.4%,195,40.7%,2,0.4%,9,1.9%,20,4.2%,0,0.0%,119,24.8%,94,19.6%,Above 95%,Above 95%,93.5%
05M123,P.S. 123 Mahalia Jackson,2018-19,471,14,35,32,26,32,52,56,43,56,69,56,0,0,0,0,212,45.0%,259,55.0%,10,2.1%,239,50.7%,194,41.2%,1,0.2%,10,2.1%,17,3.6%,0,0.0%,120,25.5%,77,16.3%,Above 95%,Above 95%,93.6%
05M123,P.S. 123 Mahalia Jackson,2019-20,461,26,34,38,34,24,39,51,47,57,46,65,0,0,0,0,205,44.5%,256,55.5%,11,2.4%,225,48.8%,197,42.7%,4,0.9%,9,2.0%,15,3.3%,0,0.0%,120,26.0%,65,14.1%,Above 95%,Above 95%,94.8%
05M123,P.S. 123 Mahalia Jackson,2020-21,418,9,31,32,37,34,21,42,49,56,62,45,0,0,0,0,197,47.1%,221,52.9%,9,2.2%,203,48.6%,178,42.6%,5,1.2%,8,1.9%,15,3.6%,0,0.0%,113,27.0%,67,16.0%,Above 95%,Above 95%,Above 95%
05M123,P.S. 123 Mahalia Jackson,2021-22,430,23,31,32,23,40,41,25,38,64,53,60,0,0,0,0,203,47.2%,227,52.8%,10,2.3%,209,48.6%,187,43.5%,4,0.9%,9,2.1%,11,2.6%,0,0.0%,128,29.8%,60,14.0%,405,94.2%,93.3%
05M125,P.S. 125 Ralph Bunche,2017-18,297,0,50,63,43,37,40,29,35,0,0,0,0,0,0,0,136,45.8%,161,54.2%,21,7.1%,111,37.4%,102,34.3%,11,3.7%,1,0.3%,51,17.2%,0,0.0%,48,16.2%,6,2.0%,204,68.7%,65.3%
05M125,P.S. 125 Ralph Bunche,2018-19,284,0,34,58,49,39,45,39,20,0,0,0,0,0,0,0,133,46.8%,151,53.2%,12,4.2%,108,38.0%,104,36.6%,11,3.9%,2,0.7%,47,16.5%,0,0.0%,55,19.4%,6,2.1%,190,66.9%,67.7%
05M125,P.S. 125 Ralph Bunche,2019-20,303,0,36,54,49,46,42,41,35,0,0,0,0,0,0,0,136,44.9%,167,55.1%,15,5.0%,106,35.0%,107,35.3%,14,4.6%,2,0.7%,58,19.1%,1,0.3%,60,19.8%,6,2.0%,196,64.7%,64.0%
05M125,P.S. 125 Ralph Bunche,2020-21,294,0,31,48,48,46,45,38,38,0,0,0,0,0,0,0,132,44.9%,162,55.1%,15,5.1%,98,33.3%,109,37.1%,11,3.7%,3,1.0%,57,19.4%,1,0.3%,61,20.7%,5,1.7%,196,66.7%,66.0%
05M125,P.S. 125 Ralph Bunche,2021-22,264,0,21,35,51,41,42,40,34,0,0,0,0,0,0,0,120,45.5%,144,54.5%,15,5.7%,85,32.2%,95,36.0%,13,4.9%,3,1.1%,53,20.1%,0,0.0%,54,20.5%,6,2.3%,159,60.2%,64.2%
05M129,P.S. 129 John H. Finley,2017-18,435,0,28,28,40,34,30,49,41,68,63,54,0,0,0,0,194,44.6%,241,55.4%,15,3.4%,211,48.5%,193,44.4%,3,0.7%,8,1.8%,5,1.1%,0,0.0%,112,25.7%,37,8.5%,410,94.3%,93.6%
05M129,P.S. 129 John H. Finley,2018-19,406,29,32,21,29,30,35,25,40,43,61,61,0,0,0,0,193,47.5%,213,52.5%,8,2.0%,197,48.5%,180,44.3%,5,1.2%,7,1.7%,9,2.2%,0,0.0%,117,28.8%,29,7.1%,372,91.6%,91.3%
05M129,P.S. 129 John H. Finley,2019-20,377,30,30,31,23,25,33,33,27,41,42,62,0,0,0,0,179,47.5%,198,52.5%,8,2.1%,191,50.7%,162,43.0%,2,0.5%,6,1.6%,7,1.9%,1,0.3%,121,32.1%,27,7.2%,352,93.4%,90.9%
05M129,P.S. 129 John H. Finley,2020-21,306,14,31,27,32,24,27,30,37,0,39,45,0,0,0,0,141,46.1%,165,53.9%,6,2.0%,151,49.3%,137,44.8%,2,0.7%,4,1.3%,6,2.0%,0,0.0%,97,31.7%,26,8.5%,280,91.5%,91.4%
05M129,P.S. 129 John H. Finley,2021-22,247,29,28,28,25,33,21,23,24,0,0,36,0,0,0,0,122,49.4%,125,50.6%,3,1.2%,106,42.9%,127,51.4%,4,1.6%,2,0.8%,5,2.0%,0,0.0%,68,27.5%,15,6.1%,227,91.9%,89.6%
05M133,P.S. 133 Fred R Moore,2017-18,211,0,16,25,46,23,33,39,29,0,0,0,0,0,0,0,69,32.7%,142,67.3%,6,2.8%,102,48.3%,89,42.2%,1,0.5%,2,0.9%,11,5.2%,0,0.0%,83,39.3%,23,10.9%,196,92.9%,89.9%
05M133,P.S. 133 Fred R Moore,2018-19,225,15,12,38,25,38,23,36,38,0,0,0,0,0,0,0,82,36.4%,143,63.6%,8,3.6%,100,44.4%,102,45.3%,2,0.9%,3,1.3%,9,4.0%,1,0.4%,95,42.2%,22,9.8%,211,93.8%,93.0%
05M133,P.S. 133 Fred R Moore,2019-20,225,28,19,23,32,25,31,27,40,0,0,0,0,0,0,0,95,42.2%,130,57.8%,8,3.6%,104,46.2%,102,45.3%,0,0.0%,3,1.3%,7,3.1%,1,0.4%,87,38.7%,20,8.9%,210,93.3%,93.4%
05M133,P.S. 133 Fred R Moore,2020-21,210,17,24,30,23,32,26,30,28,0,0,0,0,0,0,0,91,43.3%,119,56.7%,11,5.2%,96,45.7%,93,44.3%,1,0.5%,4,1.9%,4,1.9%,1,0.5%,82,39.0%,16,7.6%,197,93.8%,92.3%
05M133,P.S. 133 Fred R Moore,2021-22,200,25,14,28,24,24,29,25,31,0,0,0,0,0,0,0,78,39.0%,122,61.0%,8,4.0%,108,54.0%,77,38.5%,1,0.5%,3,1.5%,2,1.0%,1,0.5%,83,41.5%,10,5.0%,186,93.0%,88.7%
05M148,Eagle Academy for Young Men of Harlem,2017-18,318,0,0,0,0,0,0,0,0,62,68,55,67,66,0,0,0,0.0%,318,100.0%,1,0.3%,219,68.9%,78,24.5%,2,0.6%,10,3.1%,2,0.6%,6,1.9%,88,27.7%,10,3.1%,248,78.0%,82.9%
05M148,Eagle Academy for Young Men of Harlem,2018-19,374,0,0,0,0,0,0,0,0,59,58,66,80,61,50,0,0,0.0%,374,100.0%,2,0.5%,260,69.5%,90,24.1%,2,0.5%,10,2.7%,5,1.3%,5,1.3%,114,30.5%,16,4.3%,285,76.2%,81.6%
05M148,Eagle Academy for Young Men of Harlem,2019-20,382,0,0,0,0,0,0,0,0,43,48,53,109,43,35,51,0,0.0%,382,100.0%,1,0.3%,250,65.4%,109,28.5%,3,0.8%,10,2.6%,6,1.6%,3,0.8%,124,32.5%,25,6.5%,302,79.1%,84.8%
05M148,Eagle Academy for Young Men of Harlem,2020-21,325,0,0,0,0,0,0,0,0,30,38,55,77,55,35,35,0,0.0%,325,100.0%,2,0.6%,204,62.8%,103,31.7%,1,0.3%,6,1.8%,7,2.2%,2,0.6%,125,38.5%,26,8.0%,269,82.8%,87.0%
05M148,Eagle Academy for Young Men of Harlem,2021-22,265,0,0,0,0,0,0,0,0,16,25,34,83,37,42,28,0,0.0%,265,100.0%,2,0.8%,170,64.2%,78,29.4%,1,0.4%,5,1.9%,6,2.3%,3,1.1%,107,40.4%,21,7.9%,217,81.9%,86.1%
05M154,P.S. 154 Harriet Tubman,2017-18,302,0,28,41,40,46,54,51,42,0,0,0,0,0,0,0,129,42.7%,173,57.3%,22,7.3%,168,55.6%,94,31.1%,3,1.0%,5,1.7%,10,3.3%,0,0.0%,97,32.1%,54,17.9%,Above 95%,Above 95%,Above 95%
05M154,P.S. 154 Harriet Tubman,2018-19,287,14,36,27,33,38,40,52,47,0,0,0,0,0,0,0,123,42.9%,164,57.1%,18,6.3%,156,54.4%,94,32.8%,2,0.7%,2,0.7%,15,5.2%,0,0.0%,78,27.2%,47,16.4%,Above 95%,Above 95%,94.3%
05M154,P.S. 154 Harriet Tubman,2019-20,282,29,36,44,21,30,38,37,47,0,0,0,0,0,0,0,114,40.4%,168,59.6%,10,3.5%,166,58.9%,83,29.4%,1,0.4%,2,0.7%,20,7.1%,0,0.0%,81,28.7%,36,12.8%,Above 95%,Above 95%,94.1%
05M154,P.S. 154 Harriet Tubman,2020-21,219,15,17,23,39,23,30,37,35,0,0,0,0,0,0,0,95,43.4%,124,56.6%,10,4.6%,136,62.1%,57,26.0%,2,0.9%,3,1.4%,11,5.0%,0,0.0%,68,31.1%,21,9.6%,205,93.6%,93.9%
05M154,P.S. 154 Harriet Tubman,2021-22,227,26,25,24,26,32,27,29,38,0,0,0,0,0,0,0,111,48.9%,116,51.1%,3,1.3%,143,63.0%,67,29.5%,1,0.4%,3,1.3%,10,4.4%,0,0.0%,60,26.4%,23,10.1%,Above 95%,Above 95%,91.4%
05M157,The Urban Assembly School for Global Commerce,2017-18,241,0,0,0,0,0,0,0,0,0,0,0,75,54,48,64,116,48.1%,125,51.9%,4,1.7%,112,46.5%,115,47.7%,0,0.0%,1,0.4%,5,2.1%,4,1.7%,63,26.1%,21,8.7%,199,82.6%,88.0%
05M157,The Urban Assembly School for Global Commerce,2018-19,250,0,0,0,0,0,0,0,0,0,0,0,71,63,51,65,115,46.0%,135,54.0%,3,1.2%,122,48.8%,115,46.0%,0,0.0%,1,0.4%,7,2.8%,2,0.8%,69,27.6%,25,10.0%,216,86.4%,91.6%
05M157,The Urban Assembly School for Global Commerce,2019-20,233,0,0,0,0,0,0,0,0,0,0,0,79,65,42,47,113,48.5%,120,51.5%,1,0.4%,104,44.6%,121,51.9%,0,0.0%,1,0.4%,4,1.7%,2,0.9%,76,32.6%,25,10.7%,207,88.8%,94.1%
05M157,The Urban Assembly School for Global Commerce,2020-21,195,0,0,0,0,0,0,0,0,0,0,0,38,63,52,42,86,44.1%,109,55.9%,1,0.5%,93,47.7%,95,48.7%,0,0.0%,2,1.0%,3,1.5%,1,0.5%,68,34.9%,20,10.3%,176,90.3%,93.8%
05M157,The Urban Assembly School for Global Commerce,2021-22,186,0,0,0,0,0,0,0,0,0,0,0,50,45,45,46,86,46.2%,100,53.8%,0,0.0%,83,44.6%,98,52.7%,0,0.0%,2,1.1%,3,1.6%,0,0.0%,70,37.6%,18,9.7%,171,91.9%,94.8%
05M161,P.S. 161 Pedro Albizu Campos,2017-18,838,0,0,51,59,87,95,98,84,113,127,124,0,0,0,0,410,48.9%,428,51.1%,18,2.1%,173,20.6%,621,74.1%,6,0.7%,3,0.4%,17,2.0%,0,0.0%,218,26.0%,224,26.7%,Above 95%,Above 95%,93.9%
05M161,P.S. 161 Pedro Albizu Campos,2018-19,806,0,0,49,56,64,78,103,92,112,124,128,0,0,0,0,394,48.9%,412,51.1%,14,1.7%,164,20.3%,600,74.4%,3,0.4%,4,0.5%,21,2.6%,0,0.0%,216,26.8%,195,24.2%,Above 95%,Above 95%,93.4%
05M161,P.S. 161 Pedro Albizu Campos,2019-20,762,0,0,43,51,64,64,81,96,121,117,125,0,0,0,0,382,50.1%,380,49.9%,11,1.4%,157,20.6%,571,74.9%,3,0.4%,3,0.4%,17,2.2%,0,0.0%,216,28.3%,184,24.1%,720,94.5%,Above 95%
05M161,P.S. 161 Pedro Albizu Campos,2020-21,687,0,0,34,44,54,63,68,83,106,125,110,0,0,0,0,349,50.8%,338,49.2%,8,1.2%,140,20.4%,519,75.5%,2,0.3%,3,0.4%,15,2.2%,0,0.0%,204,29.7%,181,26.3%,Above 95%,Above 95%,Above 95%
05M161,P.S. 161 Pedro Albizu Campos,2021-22,615,0,0,38,35,50,49,58,62,96,109,118,0,0,0,0,304,49.4%,311,50.6%,10,1.6%,118,19.2%,468,76.1%,1,0.2%,6,1.0%,12,2.0%,0,0.0%,179,29.1%,151,24.6%,580,94.3%,94.8%
05M175,P.S. 175 Henry H Garnet,2017-18,321,0,31,45,39,50,40,57,59,0,0,0,0,0,0,0,143,44.5%,178,55.5%,17,5.3%,188,58.6%,106,33.0%,2,0.6%,1,0.3%,7,2.2%,0,0.0%,76,23.7%,58,18.1%,Above 95%,Above 95%,92.6%
05M175,P.S. 175 Henry H Garnet,2018-19,347,15,31,50,55,43,43,50,60,0,0,0,0,0,0,0,168,48.4%,179,51.6%,17,4.9%,189,54.5%,124,35.7%,3,0.9%,3,0.9%,10,2.9%,1,0.3%,74,21.3%,42,12.1%,323,93.1%,91.1%
05M175,P.S. 175 Henry H Garnet,2019-20,343,30,31,29,50,54,54,50,45,0,0,0,0,0,0,0,164,47.8%,179,52.2%,19,5.5%,181,52.8%,130,37.9%,2,0.6%,2,0.6%,9,2.6%,0,0.0%,71,20.7%,42,12.2%,315,91.8%,90.3%
05M175,P.S. 175 Henry H Garnet,2020-21,321,26,35,29,32,47,51,53,48,0,0,0,0,0,0,0,153,47.7%,168,52.3%,16,5.0%,164,51.1%,123,38.3%,2,0.6%,2,0.6%,14,4.4%,0,0.0%,65,20.2%,46,14.3%,295,91.9%,91.8%
05M175,P.S. 175 Henry H Garnet,2021-22,290,28,29,28,31,33,43,43,55,0,0,0,0,0,0,0,144,49.7%,146,50.3%,14,4.8%,135,46.6%,114,39.3%,4,1.4%,3,1.0%,20,6.9%,0,0.0%,60,20.7%,41,14.1%,269,92.8%,89.9%
05M194,P.S. 194 Countee Cullen,2017-18,238,0,18,33,39,41,27,36,44,0,0,0,0,0,0,0,102,42.9%,136,57.1%,3,1.3%,116,48.7%,96,40.3%,6,2.5%,8,3.4%,8,3.4%,1,0.4%,66,27.7%,42,17.6%,Above 95%,Above 95%,Above 95%
05M194,P.S. 194 Countee Cullen,2018-19,193,0,10,20,26,35,41,25,36,0,0,0,0,0,0,0,98,50.8%,95,49.2%,2,1.0%,109,56.5%,68,35.2%,2,1.0%,6,3.1%,6,3.1%,0,0.0%,58,30.1%,30,15.5%,Above 95%,Above 95%,Above 95%
05M194,P.S. 194 Countee Cullen,2019-20,185,0,18,27,18,24,36,35,27,0,0,0,0,0,0,0,80,43.2%,105,56.8%,2,1.1%,101,54.6%,74,40.0%,1,0.5%,3,1.6%,4,2.2%,0,0.0%,50,27.0%,34,18.4%,Above 95%,Above 95%,Above 95%
05M194,P.S. 194 Countee Cullen,2020-21,169,0,8,21,25,19,24,37,35,0,0,0,0,0,0,0,75,44.4%,94,55.6%,0,0.0%,102,60.4%,60,35.5%,2,1.2%,0,0.0%,5,3.0%,0,0.0%,56,33.1%,30,17.8%,Above 95%,Above 95%,Above 95%
05M194,P.S. 194 Countee Cullen,2021-22,166,0,6,23,27,26,24,27,33,0,0,0,0,0,0,0,71,42.8%,95,57.2%,2,1.2%,87,52.4%,70,42.2%,2,1.2%,0,0.0%,5,3.0%,0,0.0%,45,27.1%,28,16.9%,Above 95%,Above 95%,94.5%
05M197,P.S. 197 John B. Russwurm,2017-18,314,0,25,38,50,47,52,55,47,0,0,0,0,0,0,0,122,38.9%,192,61.1%,2,0.6%,186,59.2%,117,37.3%,1,0.3%,1,0.3%,7,2.2%,0,0.0%,106,33.8%,15,4.8%,292,93.0%,92.5%
05M197,P.S. 197 John B. Russwurm,2018-19,305,16,30,35,24,49,47,48,56,0,0,0,0,0,0,0,129,42.3%,176,57.7%,2,0.7%,182,59.7%,114,37.4%,1,0.3%,0,0.0%,6,2.0%,0,0.0%,94,30.8%,19,6.2%,287,94.1%,93.8%
05M197,P.S. 197 John B. Russwurm,2019-20,289,12,35,39,31,30,48,41,53,0,0,0,0,0,0,0,127,43.9%,162,56.1%,5,1.7%,171,59.2%,107,37.0%,1,0.3%,0,0.0%,5,1.7%,0,0.0%,91,31.5%,22,7.6%,268,92.7%,93.4%
05M197,P.S. 197 John B. Russwurm,2020-21,233,12,14,30,35,31,26,45,40,0,0,0,0,0,0,0,106,45.5%,127,54.5%,3,1.3%,129,55.4%,90,38.6%,2,0.9%,0,0.0%,9,3.9%,0,0.0%,79,33.9%,17,7.3%,219,94.0%,91.6%
05M197,P.S. 197 John B. Russwurm,2021-22,220,14,28,20,29,33,22,31,43,0,0,0,0,0,0,0,99,45.0%,121,55.0%,1,0.5%,127,57.7%,79,35.9%,3,1.4%,0,0.0%,10,4.5%,0,0.0%,63,28.6%,15,6.8%,204,92.7%,92.9%
05M200,P.S. 200- The James McCune Smith School,2017-18,393,0,34,53,61,55,66,55,69,0,0,0,0,0,0,0,178,45.3%,215,54.7%,3,0.8%,231,58.8%,140,35.6%,3,0.8%,8,2.0%,8,2.0%,0,0.0%,120,30.5%,48,12.2%,358,91.1%,93.9%
05M200,P.S. 200- The James McCune Smith School,2018-19,384,28,36,52,48,46,54,62,58,0,0,0,0,0,0,0,180,46.9%,204,53.1%,2,0.5%,245,63.8%,118,30.7%,4,1.0%,7,1.8%,8,2.1%,0,0.0%,109,28.4%,35,9.1%,354,92.2%,92.4%
05M200,P.S. 200- The James McCune Smith School,2019-20,375,42,40,45,46,42,39,57,64,0,0,0,0,0,0,0,176,46.9%,199,53.1%,1,0.3%,229,61.1%,124,33.1%,3,0.8%,10,2.7%,8,2.1%,0,0.0%,97,25.9%,36,9.6%,337,89.9%,91.4%
05M200,P.S. 200- The James McCune Smith School,2020-21,298,13,42,32,41,45,37,38,50,0,0,0,0,0,0,0,144,48.3%,154,51.7%,1,0.3%,179,60.1%,101,33.9%,1,0.3%,8,2.7%,8,2.7%,0,0.0%,73,24.5%,21,7.0%,266,89.3%,91.1%
05M200,P.S. 200- The James McCune Smith School,2021-22,310,26,35,40,44,43,45,36,41,0,0,0,0,0,0,0,158,51.0%,152,49.0%,3,1.0%,173,55.8%,83,26.8%,1,0.3%,41,13.2%,9,2.9%,0,0.0%,72,23.2%,17,5.5%,278,89.7%,90.9%
05M285,Harlem Renaissance High School,2017-18,233,0,0,0,0,0,0,0,0,0,0,0,34,43,50,106,126,54.1%,107,45.9%,6,2.6%,102,43.8%,122,52.4%,0,0.0%,1,0.4%,2,0.9%,0,0.0%,65,27.9%,27,11.6%,207,88.8%,92.7%
05M285,Harlem Renaissance High School,2018-19,216,0,0,0,0,0,0,0,0,0,0,0,28,52,65,71,122,56.5%,94,43.5%,2,0.9%,114,52.8%,91,42.1%,0,0.0%,2,0.9%,7,3.2%,0,0.0%,72,33.3%,35,16.2%,189,87.5%,88.8%
05M285,Harlem Renaissance High School,2019-20,213,0,0,0,0,0,0,0,0,0,0,0,26,45,60,82,102,47.9%,111,52.1%,0,0.0%,110,51.6%,93,43.7%,0,0.0%,7,3.3%,3,1.4%,0,0.0%,67,31.5%,42,19.7%,184,86.4%,89.7%
05M285,Harlem Renaissance High School,2020-21,161,0,0,0,0,0,0,0,0,0,0,0,16,27,53,65,77,47.8%,84,52.2%,1,0.6%,76,47.2%,76,47.2%,1,0.6%,3,1.9%,4,2.5%,0,0.0%,44,27.3%,31,19.3%,146,90.7%,94.6%
05M285,Harlem Renaissance High School,2021-22,191,0,0,0,0,0,0,0,0,0,0,1,23,43,51,73,86,45.0%,105,55.0%,0,0.0%,88,46.1%,97,50.8%,0,0.0%,5,2.6%,1,0.5%,0,0.0%,52,27.2%,31,16.2%,161,84.3%,91.5%
05M286,Urban Assembly Academy for Future Leaders,2017-18,169,0,0,0,0,0,0,0,0,30,59,80,0,0,0,0,86,50.9%,83,49.1%,4,2.4%,94,55.6%,59,34.9%,2,1.2%,7,4.1%,3,1.8%,0,0.0%,59,34.9%,11,6.5%,154,91.1%,91.6%
05M286,Urban Assembly Academy for Future Leaders,2018-19,125,0,0,0,0,0,0,0,0,27,42,56,0,0,0,0,55,44.0%,70,56.0%,3,2.4%,68,54.4%,47,37.6%,0,0.0%,3,2.4%,4,3.2%,0,0.0%,54,43.2%,11,8.8%,110,88.0%,93.1%
05M286,Urban Assembly Academy for Future Leaders,2019-20,103,0,0,0,0,0,0,0,0,25,33,45,0,0,0,0,47,45.6%,56,54.4%,2,1.9%,60,58.3%,37,35.9%,2,1.9%,1,1.0%,1,1.0%,0,0.0%,47,45.6%,5,4.9%,94,91.3%,Above 95%
05M286,Urban Assembly Academy for Future Leaders,2020-21,93,0,0,0,0,0,0,0,0,36,28,29,0,0,0,0,40,43.0%,53,57.0%,2,2.2%,54,58.1%,34,36.6%,2,2.2%,0,0.0%,1,1.1%,0,0.0%,49,52.7%,8,8.6%,88,94.6%,Above 95%
05M286,Urban Assembly Academy for Future Leaders,2021-22,80,0,0,0,0,0,0,0,0,17,33,30,0,0,0,0,30,37.5%,50,62.5%,2,2.5%,50,62.5%,27,33.8%,1,1.3%,0,0.0%,0,0.0%,0,0.0%,42,52.5%,6,7.5%,75,93.8%,Above 95%
05M304,Mott Hall High School,2017-18,297,0,0,0,0,0,0,0,0,0,0,0,90,67,65,75,133,44.8%,164,55.2%,10,3.4%,99,33.3%,173,58.2%,0,0.0%,3,1.0%,10,3.4%,2,0.7%,82,27.6%,51,17.2%,278,93.6%,90.6%
05M304,Mott Hall High School,2018-19,288,0,0,0,0,0,0,0,0,0,0,0,91,70,59,68,135,46.9%,153,53.1%,12,4.2%,100,34.7%,163,56.6%,0,0.0%,3,1.0%,8,2.8%,2,0.7%,92,31.9%,58,20.1%,268,93.1%,91.4%
05M304,Mott Hall High School,2019-20,239,0,0,0,0,0,0,0,0,0,0,0,77,63,42,57,117,49.0%,122,51.0%,9,3.8%,90,37.7%,128,53.6%,0,0.0%,2,0.8%,9,3.8%,1,0.4%,69,28.9%,43,18.0%,221,92.5%,93.0%
05M304,Mott Hall High School,2020-21,207,0,0,0,0,0,0,0,0,0,0,0,56,71,41,39,100,48.3%,107,51.7%,6,2.9%,79,38.2%,112,54.1%,0,0.0%,1,0.5%,7,3.4%,2,1.0%,60,29.0%,45,21.7%,192,92.8%,91.6%
05M304,Mott Hall High School,2021-22,205,0,0,0,0,0,0,0,0,0,0,0,60,53,46,46,99,48.3%,106,51.7%,2,1.0%,86,42.0%,101,49.3%,1,0.5%,0,0.0%,13,6.3%,2,1.0%,59,28.8%,38,18.5%,175,85.4%,88.9%
05M318,Thurgood Marshall Academy Lower School,2017-18,221,0,0,24,31,35,46,44,41,0,0,0,0,0,0,0,120,54.3%,101,45.7%,5,2.3%,172,77.8%,39,17.6%,2,0.9%,0,0.0%,2,0.9%,1,0.5%,41,18.6%,5,2.3%,191,86.4%,82.1%
05M318,Thurgood Marshall Academy Lower School,2018-19,210,0,0,25,30,34,37,45,39,0,0,0,0,0,0,0,115,54.8%,95,45.2%,4,1.9%,166,79.0%,36,17.1%,3,1.4%,0,0.0%,0,0.0%,1,0.5%,47,22.4%,2,1.0%,179,85.2%,82.9%
05M318,Thurgood Marshall Academy Lower School,2019-20,206,0,0,23,36,35,35,35,42,0,0,0,0,0,0,0,113,54.9%,93,45.1%,2,1.0%,158,76.7%,41,19.9%,2,1.0%,0,0.0%,3,1.5%,0,0.0%,59,28.6%,6,2.9%,183,88.8%,85.3%
05M318,Thurgood Marshall Academy Lower School,2020-21,186,0,0,23,24,40,33,32,34,0,0,0,0,0,0,0,106,57.0%,80,43.0%,1,0.5%,145,78.0%,36,19.4%,1,0.5%,0,0.0%,3,1.6%,0,0.0%,50,26.9%,5,2.7%,167,89.8%,82.8%
05M318,Thurgood Marshall Academy Lower School,2021-22,180,0,0,34,24,23,36,34,29,0,0,0,0,0,0,0,101,56.1%,79,43.9%,1,0.6%,138,76.7%,35,19.4%,1,0.6%,0,0.0%,4,2.2%,1,0.6%,41,22.8%,7,3.9%,162,90.0%,88.3%
05M362,Columbia Secondary School,2017-18,702,0,0,0,0,0,0,0,0,103,99,97,112,110,90,91,363,51.7%,339,48.3%,67,9.5%,164,23.4%,287,40.9%,9,1.3%,4,0.6%,160,22.8%,11,1.6%,105,15.0%,4,0.6%,386,55.0%,55.4%
05M362,Columbia Secondary School,2018-19,718,0,0,0,0,0,0,0,0,99,97,101,114,116,95,96,371,51.7%,347,48.3%,64,8.9%,148,20.6%,280,39.0%,14,1.9%,6,0.8%,186,25.9%,20,2.8%,119,16.6%,4,0.6%,358,49.9%,53.1%
05M362,Columbia Secondary School,2019-20,698,0,0,0,0,0,0,0,0,96,99,97,103,111,100,92,352,50.4%,346,49.6%,65,9.3%,129,18.5%,255,36.5%,19,2.7%,5,0.7%,205,29.4%,20,2.9%,122,17.5%,3,0.4%,328,47.0%,50.8%
05M362,Columbia Secondary School,2020-21,700,0,0,0,0,0,0,0,0,99,98,99,106,102,103,93,343,49.0%,357,51.0%,62,8.9%,127,18.1%,243,34.7%,25,3.6%,3,0.4%,215,30.7%,25,3.6%,128,18.3%,4,0.6%,282,40.3%,48.9%
05M362,Columbia Secondary School,2021-22,654,0,0,0,0,0,0,0,0,85,90,94,96,112,83,94,313,47.9%,341,52.1%,54,8.3%,124,19.0%,233,35.6%,22,3.4%,6,0.9%,190,29.1%,25,3.8%,141,21.6%,8,1.2%,293,44.8%,50.8%
05M369,Urban Assembly School for the Performing Arts,2017-18,356,0,0,0,0,0,0,0,0,0,0,0,138,102,59,57,278,78.1%,78,21.9%,1,0.3%,185,52.0%,154,43.3%,2,0.6%,1,0.3%,3,0.8%,10,2.8%,87,24.4%,26,7.3%,324,91.0%,88.9%
05M369,Urban Assembly School for the Performing Arts,2018-19,387,0,0,0,0,0,0,0,0,0,0,0,144,124,60,59,309,79.8%,78,20.2%,3,0.8%,187,48.3%,183,47.3%,2,0.5%,1,0.3%,3,0.8%,8,2.1%,94,24.3%,29,7.5%,323,83.5%,87.1%
05M369,Urban Assembly School for the Performing Arts,2019-20,380,0,0,0,0,0,0,0,0,0,0,1,132,110,80,57,297,78.2%,83,21.8%,8,2.1%,193,50.8%,168,44.2%,2,0.5%,2,0.5%,2,0.5%,5,1.3%,90,23.7%,24,6.3%,318,83.7%,88.2%
05M369,Urban Assembly School for the Performing Arts,2020-21,386,0,0,0,0,0,0,0,0,0,0,0,132,99,80,75,292,75.6%,94,24.4%,7,1.8%,204,52.8%,162,42.0%,1,0.3%,3,0.8%,6,1.6%,3,0.8%,98,25.4%,21,5.4%,321,83.2%,85.4%
05M369,Urban Assembly School for the Performing Arts,2021-22,327,0,0,0,0,0,0,0,0,0,0,0,89,96,63,79,243,74.3%,84,25.7%,6,1.8%,167,51.1%,148,45.3%,1,0.3%,2,0.6%,2,0.6%,1,0.3%,85,26.0%,19,5.8%,279,85.3%,86.5%
05M371,School of Earth Exploration and Discovery Harlem (,2020-21,78,0,0,0,0,0,0,0,0,78,0,0,0,0,0,0,27,34.6%,51,65.4%,3,3.8%,43,55.1%,30,38.5%,0,0.0%,0,0.0%,1,1.3%,1,1.3%,26,33.3%,5,6.4%,70,89.7%,93.2%
05M371,School of Earth Exploration and Discovery Harlem (,2021-22,131,0,0,0,0,0,0,0,0,60,71,0,0,0,0,0,52,39.7%,79,60.3%,2,1.5%,73,55.7%,53,40.5%,0,0.0%,1,0.8%,1,0.8%,1,0.8%,52,39.7%,7,5.3%,115,87.8%,90.6%
05M499,Frederick Douglass Academy,2017-18,"1,362",0,0,0,0,0,0,0,0,97,95,85,273,290,270,252,635,46.6%,726,53.3%,19,1.4%,947,69.5%,334,24.5%,4,0.3%,8,0.6%,23,1.7%,27,2.0%,219,16.1%,57,4.2%,"1,057",77.6%,80.3%
05M499,Frederick Douglass Academy,2018-19,"1,257",0,0,0,0,0,0,0,0,87,90,99,248,238,251,244,576,45.8%,681,54.2%,16,1.3%,851,67.7%,332,26.4%,4,0.3%,11,0.9%,30,2.4%,13,1.0%,232,18.5%,70,5.6%,987,78.5%,81.0%
05M499,Frederick Douglass Academy,2019-20,"1,072",0,0,0,0,0,0,0,0,60,94,81,248,191,197,201,502,46.8%,570,53.2%,15,1.4%,704,65.7%,316,29.5%,3,0.3%,11,1.0%,20,1.9%,3,0.3%,200,18.7%,59,5.5%,900,84.0%,84.0%
05M499,Frederick Douglass Academy,2020-21,994,0,0,0,0,0,0,0,0,56,57,87,198,230,183,183,423,42.6%,571,57.4%,12,1.2%,628,63.2%,323,32.5%,2,0.2%,8,0.8%,18,1.8%,3,0.3%,216,21.7%,59,5.9%,852,85.7%,86.8%
05M499,Frederick Douglass Academy,2021-22,877,0,0,0,0,0,0,0,0,60,56,59,167,171,214,150,373,42.5%,504,57.5%,11,1.3%,549,62.6%,277,31.6%,2,0.2%,8,0.9%,29,3.3%,1,0.1%,197,22.5%,60,6.8%,742,84.6%,86.9%
05M514,New Design Middle School,2017-18,130,0,0,0,0,0,0,0,0,18,46,66,0,0,0,0,71,54.6%,59,45.4%,0,0.0%,72,55.4%,54,41.5%,0,0.0%,1,0.8%,3,2.3%,0,0.0%,53,40.8%,8,6.2%,120,92.3%,89.4%
05M514,New Design Middle School,2018-19,142,0,0,0,0,0,0,0,0,45,29,68,0,0,0,0,67,47.2%,75,52.8%,1,0.7%,88,62.0%,48,33.8%,0,0.0%,1,0.7%,4,2.8%,0,0.0%,62,43.7%,15,10.6%,Above 95%,Above 95%,93.3%
05M514,New Design Middle School,2019-20,138,0,0,0,0,0,0,0,0,48,50,40,0,0,0,0,76,55.1%,62,44.9%,0,0.0%,79,57.2%,55,39.9%,0,0.0%,1,0.7%,3,2.2%,0,0.0%,69,50.0%,4,2.9%,131,94.9%,92.0%
05M514,New Design Middle School,2020-21,135,0,0,0,0,0,0,0,0,37,47,51,0,0,0,0,74,54.8%,61,45.2%,0,0.0%,77,57.0%,54,40.0%,0,0.0%,2,1.5%,2,1.5%,0,0.0%,69,51.1%,4,3.0%,Above 95%,Above 95%,92.4%
05M514,New Design Middle School,2021-22,100,0,0,0,0,0,0,0,0,25,28,47,0,0,0,0,51,51.0%,49,49.0%,1,1.0%,51,51.0%,43,43.0%,0,0.0%,1,1.0%,4,4.0%,0,0.0%,52,52.0%,3,3.0%,92,92.0%,86.2%
05M517,Teachers College Community School,2017-18,286,0,18,43,45,42,46,39,34,19,0,0,0,0,0,0,156,54.5%,130,45.5%,8,2.8%,103,36.0%,114,39.9%,16,5.6%,3,1.0%,42,14.7%,0,0.0%,46,16.1%,6,2.1%,135,47.2%,58.4%
05M517,Teachers College Community School,2018-19,311,0,18,30,40,38,37,48,31,49,20,0,0,0,0,0,178,57.2%,133,42.8%,8,2.6%,118,37.9%,124,39.9%,15,4.8%,3,1.0%,43,13.8%,0,0.0%,58,18.6%,5,1.6%,161,51.8%,62.6%
05M517,Teachers College Community School,2019-20,374,0,32,36,35,36,31,43,44,47,46,24,0,0,0,0,205,54.8%,169,45.2%,9,2.4%,160,42.8%,138,36.9%,16,4.3%,3,0.8%,48,12.8%,0,0.0%,70,18.7%,5,1.3%,226,60.4%,66.1%
05M517,Teachers College Community School,2020-21,373,0,27,43,27,26,32,30,37,55,44,52,0,0,0,0,192,51.5%,181,48.5%,11,2.9%,161,43.2%,137,36.7%,16,4.3%,3,0.8%,45,12.1%,0,0.0%,77,20.6%,6,1.6%,213,57.1%,65.8%
05M517,Teachers College Community School,2021-22,347,0,27,29,35,25,23,32,28,62,52,34,0,0,0,0,173,49.9%,174,50.1%,11,3.2%,159,45.8%,124,35.7%,13,3.7%,3,0.9%,37,10.7%,0,0.0%,69,19.9%,9,2.6%,197,56.8%,65.8%
05M670,Thurgood Marshall Academy for Learning and Social,2017-18,547,0,0,0,0,0,0,0,0,60,55,58,101,108,86,79,297,54.3%,250,45.7%,10,1.8%,381,69.7%,141,25.8%,0,0.0%,3,0.5%,7,1.3%,5,0.9%,106,19.4%,19,3.5%,413,75.5%,79.3%
05M670,Thurgood Marshall Academy for Learning and Social,2018-19,560,0,0,0,0,0,0,0,0,58,59,57,120,95,93,78,293,52.3%,267,47.7%,11,2.0%,381,68.0%,150,26.8%,0,0.0%,3,0.5%,9,1.6%,6,1.1%,133,23.7%,24,4.3%,411,73.4%,79.4%
05M670,Thurgood Marshall Academy for Learning and Social,2019-20,541,0,0,0,0,0,0,0,0,53,58,56,109,101,76,88,285,52.7%,256,47.3%,9,1.7%,363,67.1%,153,28.3%,1,0.2%,5,0.9%,7,1.3%,3,0.6%,135,25.0%,21,3.9%,428,79.1%,83.5%
05M670,Thurgood Marshall Academy for Learning and Social,2020-21,536,0,0,0,0,0,0,0,0,53,47,57,139,85,90,65,258,48.1%,278,51.9%,7,1.3%,358,66.8%,152,28.4%,1,0.2%,7,1.3%,6,1.1%,5,0.9%,136,25.4%,22,4.1%,440,82.1%,86.2%
05M670,Thurgood Marshall Academy for Learning and Social,2021-22,517,0,0,0,0,0,0,0,0,55,56,51,93,91,80,91,237,45.8%,280,54.2%,6,1.2%,333,64.4%,154,29.8%,3,0.6%,6,1.2%,12,2.3%,3,0.6%,142,27.5%,20,3.9%,417,80.7%,86.1%
05M692,"High School for Mathematics, Science and Engineeri",2017-18,500,0,0,0,0,0,0,0,0,0,0,0,149,133,109,109,172,34.4%,327,65.4%,181,36.2%,48,9.6%,78,15.6%,8,1.6%,2,0.4%,136,27.2%,47,9.4%,25,5.0%,1,0.2%,227,45.4%,41.7%
05M692,"High School for Mathematics, Science and Engineeri",2018-19,491,0,0,0,0,0,0,0,0,0,0,0,108,148,129,106,186,37.9%,305,62.1%,146,29.7%,42,8.6%,82,16.7%,8,1.6%,7,1.4%,149,30.3%,57,11.6%,27,5.5%,1,0.2%,204,41.5%,39.3%
05M692,"High School for Mathematics, Science and Engineeri",2019-20,485,0,0,0,0,0,0,0,0,0,0,0,119,100,141,125,182,37.5%,303,62.5%,145,29.9%,37,7.6%,83,17.1%,11,2.3%,8,1.6%,141,29.1%,60,12.4%,28,5.8%,0,0.0%,180,37.1%,37.9%
05M692,"High School for Mathematics, Science and Engineeri",2020-21,496,0,0,0,0,0,0,0,0,0,0,0,139,121,97,139,188,37.9%,308,62.1%,152,30.6%,45,9.1%,92,18.5%,12,2.4%,8,1.6%,139,28.0%,48,9.7%,30,6.0%,0,0.0%,183,36.9%,38.1%
05M692,"High School for Mathematics, Science and Engineeri",2021-22,524,0,0,0,0,0,0,0,0,0,0,0,156,151,122,95,198,37.8%,326,62.2%,156,29.8%,53,10.1%,89,17.0%,21,4.0%,7,1.3%,149,28.4%,49,9.4%,36,6.9%,0,0.0%,192,36.6%,38.4%
